,Row,CASE_ID,StartTimestamp,Activity,Resource,CompleteTimestamp,StartDate
279053,279053,IM0026331,08.01.2014 09:56,Open,TEAM0008,08.01.2014 10:00,2014-08-01
279054,279054,IM0026331,08.01.2014 10:00,Reassignment,TEAM0008,08.01.2014 10:10,2014-08-01
279055,279055,IM0026331,08.01.2014 10:10,Assignment,TEAM0197,08.01.2014 10:17,2014-08-01
279056,279056,IM0026331,08.01.2014 10:17,Update,TEAM0197,08.01.2014 10:17,2014-08-01
279057,279057,IM0026331,08.01.2014 10:17,Quality Indicator Set,TEAM0197,08.01.2014 16:02,2014-08-01
279058,279058,IM0026331,08.01.2014 16:02,Assignment,TEAM0197,08.01.2014 16:18,2014-08-01
279059,279059,IM0026331,08.01.2014 16:18,Assignment,TEAM0197,09.01.2014 09:43,2014-08-01
279060,279060,IM0026331,09.01.2014 09:43,Operator Update,TEAM0197,09.01.2014 09:43,2014-09-01
279061,279061,IM0026331,09.01.2014 09:43,Update,TEAM0197,09.01.2014 09:51,2014-09-01
279062,279062,IM0026331,09.01.2014 09:51,Communication with customer,TEAM0197,09.01.2014 09:53,2014-09-01
279063,279063,IM0026331,09.01.2014 09:53,Operator Update,TEAM0197,09.01.2014 09:54,2014-09-01
279064,279064,IM0026331,09.01.2014 09:54,External Vendor Assignment,TEAM0197,09.01.2014 09:54,2014-09-01
279065,279065,IM0026331,09.01.2014 09:54,Status Change,TEAM0197,09.01.2014 09:54,2014-09-01
279066,279066,IM0026331,09.01.2014 09:54,Communication with vendor,TEAM0197,09.01.2014 10:29,2014-09-01
279067,279067,IM0026331,09.01.2014 10:29,Communication with vendor,TEAM0197,09.01.2014 10:32,2014-09-01
279068,279068,IM0026331,09.01.2014 10:32,Update,TEAM0197,09.01.2014 10:32,2014-09-01
279069,279069,IM0026331,09.01.2014 10:32,Quality Indicator Fixed,TEAM0197,09.01.2014 10:32,2014-09-01
279070,279070,IM0026331,09.01.2014 10:32,Reassignment,TEAM0197,09.01.2014 10:32,2014-09-01
279071,279071,IM0026331,09.01.2014 10:32,Assignment,TEAM0197,09.01.2014 13:35,2014-09-01
279072,279072,IM0026331,09.01.2014 13:35,Operator Update,TEAM0191,09.01.2014 13:35,2014-09-01
279073,279073,IM0026331,09.01.2014 13:35,Reassignment,TEAM0191,09.01.2014 13:35,2014-09-01
279074,279074,IM0026331,09.01.2014 13:35,Assignment,TEAM0191,09.01.2014 15:28,2014-09-01
279075,279075,IM0026331,09.01.2014 15:28,Status Change,TEAM0197,10.01.2014 10:14,2014-09-01
279076,279076,IM0026331,10.01.2014 10:14,Reassignment,TEAM0197,10.01.2014 10:14,2014-10-01
279077,279077,IM0026331,10.01.2014 10:14,Assignment,TEAM0197,10.01.2014 10:14,2014-10-01
279078,279078,IM0026331,10.01.2014 10:14,Update,TEAM0197,10.01.2014 10:21,2014-10-01
279079,279079,IM0026331,10.01.2014 10:21,Assignment,TEAM0171,10.01.2014 10:29,2014-10-01
279080,279080,IM0026331,10.01.2014 10:29,Operator Update,TEAM0171,10.01.2014 10:29,2014-10-01
279081,279081,IM0026331,10.01.2014 10:29,Reassignment,TEAM0171,10.01.2014 10:29,2014-10-01
279082,279082,IM0026331,10.01.2014 10:29,Assignment,TEAM0171,10.01.2014 10:57,2014-10-01
279083,279083,IM0026331,10.01.2014 10:57,Update,TEAM0197,10.01.2014 10:57,2014-10-01
279084,279084,IM0026331,10.01.2014 10:57,Assignment,TEAM0197,27.01.2014 16:56,2014-10-01
279085,279085,IM0026331,27.01.2014 16:56,Communication with customer,TEAM0197,28.01.2014 14:31,2014-01-27
279086,279086,IM0026331,28.01.2014 14:31,Closed,TEAM0197,28.01.2014 14:31,2014-01-28
279087,279087,IM0026331,28.01.2014 14:31,Caused By CI,TEAM0197,28.01.2014 14:41,2014-01-28
324160,324160,IM0031036,27.01.2014 07:55,Open,TEAM0018,27.01.2014 07:55,2014-01-27
324161,324161,IM0031036,27.01.2014 07:55,Assignment,TEAM0018,27.01.2014 13:49,2014-01-27
324162,324162,IM0031036,27.01.2014 13:49,Closed,TEAM0018,27.01.2014 13:59,2014-01-27
324690,324690,IM0031084,27.01.2014 08:57,Open,TEAM0008,27.01.2014 09:55,2014-01-27
324691,324691,IM0031084,27.01.2014 09:55,Assignment,TEAM0205,27.01.2014 09:57,2014-01-27
324692,324692,IM0031084,27.01.2014 09:57,Closed,TEAM0205,27.01.2014 09:57,2014-01-27
324693,324693,IM0031084,27.01.2014 09:57,Caused By CI,TEAM0205,27.01.2014 10:07,2014-01-27
325143,325143,IM0031124,27.01.2014 08:59,Open,TEAM0008,27.01.2014 09:15,2014-01-27
325144,325144,IM0031124,27.01.2014 09:15,Operator Update,TEAM0192,27.01.2014 09:15,2014-01-27
325145,325145,IM0031124,27.01.2014 09:15,Reassignment,TEAM0192,27.01.2014 09:36,2014-01-27
325146,325146,IM0031124,27.01.2014 09:36,Reassignment,TEAM0008,27.01.2014 11:10,2014-01-27
325147,325147,IM0031124,27.01.2014 11:10,Operator Update,TEAM0205,27.01.2014 11:10,2014-01-27
325148,325148,IM0031124,27.01.2014 11:10,Assignment,TEAM0205,28.01.2014 07:06,2014-01-27
325149,325149,IM0031124,28.01.2014 07:06,Status Change,TEAM0205,28.01.2014 07:06,2014-01-28
325150,325150,IM0031124,28.01.2014 07:06,Operator Update,TEAM0205,31.01.2014 09:13,2014-01-28
325151,325151,IM0031124,31.01.2014 09:13,Reassignment,TEAM0205,04.02.2014 14:29,2014-01-31
325152,325152,IM0031124,04.02.2014 14:29,Caused By CI,TEAM0205,04.02.2014 14:29,2014-04-02
325153,325153,IM0031124,04.02.2014 14:29,Closed,TEAM0205,04.02.2014 14:39,2014-04-02
325154,325154,IM0031125,27.01.2014 09:11,Open,TEAM0016,27.01.2014 09:13,2014-01-27
325155,325155,IM0031125,27.01.2014 09:13,Update,TEAM9999,27.01.2014 11:38,2014-01-27
325156,325156,IM0031125,27.01.2014 11:38,Reassignment,TEAM0014,27.01.2014 11:38,2014-01-27
325157,325157,IM0031125,27.01.2014 11:38,Update,TEAM0014,27.01.2014 11:47,2014-01-27
325158,325158,IM0031125,27.01.2014 11:47,Assignment,TEAM0016,28.01.2014 15:31,2014-01-27
325159,325159,IM0031125,28.01.2014 15:31,Closed,TEAM0016,28.01.2014 15:31,2014-01-28
325160,325160,IM0031125,28.01.2014 15:31,Caused By CI,TEAM0016,29.01.2014 09:59,2014-01-28
325161,325161,IM0031125,29.01.2014 09:59,Update,TEAM0016,29.01.2014 09:59,2014-01-29
325162,325162,IM0031125,29.01.2014 09:59,Assignment,TEAM0016,29.01.2014 09:59,2014-01-29
325163,325163,IM0031125,29.01.2014 09:59,Reassignment,TEAM0016,29.01.2014 09:59,2014-01-29
325164,325164,IM0031125,29.01.2014 09:59,Reopen,TEAM0016,29.01.2014 11:06,2014-01-29
325165,325165,IM0031125,29.01.2014 11:06,Reassignment,TEAM0014,29.01.2014 11:06,2014-01-29
325166,325166,IM0031125,29.01.2014 11:06,Update,TEAM0014,29.01.2014 11:24,2014-01-29
325167,325167,IM0031125,29.01.2014 11:24,Assignment,TEAM0015,30.01.2014 05:47,2014-01-29
325168,325168,IM0031125,30.01.2014 05:47,Reassignment,TEAM0015,30.01.2014 05:47,2014-01-30
325169,325169,IM0031125,30.01.2014 05:47,Operator Update,TEAM0015,30.01.2014 05:47,2014-01-30
325170,325170,IM0031125,30.01.2014 05:47,Status Change,TEAM0015,30.01.2014 05:47,2014-01-30
325171,325171,IM0031125,30.01.2014 05:47,Assignment,TEAM0015,30.01.2014 11:48,2014-01-30
325172,325172,IM0031125,30.01.2014 11:48,Reassignment,TEAM0014,30.01.2014 11:48,2014-01-30
325173,325173,IM0031125,30.01.2014 11:48,Update,TEAM0014,30.01.2014 11:48,2014-01-30
325174,325174,IM0031125,30.01.2014 11:48,Description Update,TEAM0014,30.01.2014 12:14,2014-01-30
325175,325175,IM0031125,30.01.2014 12:14,Reassignment,TEAM0035,30.01.2014 12:14,2014-01-30
325176,325176,IM0031125,30.01.2014 12:14,Operator Update,TEAM0035,30.01.2014 12:42,2014-01-30
325177,325177,IM0031125,30.01.2014 12:42,Assignment,TEAM0052,30.01.2014 13:06,2014-01-30
325178,325178,IM0031125,30.01.2014 13:06,Assignment,TEAM0052,30.01.2014 13:06,2014-01-30
325179,325179,IM0031125,30.01.2014 13:06,Reassignment,TEAM0052,30.01.2014 13:06,2014-01-30
325180,325180,IM0031125,30.01.2014 13:06,Operator Update,TEAM0052,30.01.2014 13:28,2014-01-30
325181,325181,IM0031125,30.01.2014 13:28,Reassignment,TEAM0035,30.01.2014 13:28,2014-01-30
325182,325182,IM0031125,30.01.2014 13:28,Operator Update,TEAM0035,30.01.2014 13:33,2014-01-30
325183,325183,IM0031125,30.01.2014 13:33,Update,TEAM0014,30.01.2014 13:33,2014-01-30
325184,325184,IM0031125,30.01.2014 13:33,Reassignment,TEAM0014,30.01.2014 14:15,2014-01-30
325185,325185,IM0031125,30.01.2014 14:15,Assignment,TEAM0016,31.01.2014 08:27,2014-01-30
325186,325186,IM0031125,31.01.2014 08:27,Closed,TEAM0016,31.01.2014 08:37,2014-01-31
325187,325187,IM0031126,27.01.2014 09:18,Open,TEAM0199,27.01.2014 09:19,2014-01-27
325188,325188,IM0031126,27.01.2014 09:19,Operator Update,TEAM0199,27.01.2014 11:26,2014-01-27
325189,325189,IM0031126,27.01.2014 11:26,Assignment,TEAM0190,27.01.2014 11:26,2014-01-27
325190,325190,IM0031126,27.01.2014 11:26,Update,TEAM0190,27.01.2014 14:51,2014-01-27
325191,325191,IM0031126,27.01.2014 14:51,Closed,TEAM0190,27.01.2014 14:51,2014-01-27
325192,325192,IM0031126,27.01.2014 14:51,Caused By CI,TEAM0190,27.01.2014 15:01,2014-01-27
325193,325193,IM0031127,27.01.2014 09:28,Open,TEAM0016,27.01.2014 11:58,2014-01-27
325194,325194,IM0031127,27.01.2014 11:58,Reassignment,TEAM0014,27.01.2014 11:58,2014-01-27
325195,325195,IM0031127,27.01.2014 11:58,Update,TEAM0014,27.01.2014 12:43,2014-01-27
325196,325196,IM0031127,27.01.2014 12:43,Assignment,TEAM0016,29.01.2014 09:24,2014-01-27
325197,325197,IM0031127,29.01.2014 09:24,Caused By CI,TEAM0016,29.01.2014 09:24,2014-01-29
325198,325198,IM0031127,29.01.2014 09:24,Closed,TEAM0016,29.01.2014 09:34,2014-01-29
325218,325218,IM0031130,27.01.2014 09:52,Open,TEAM0008,27.01.2014 10:02,2014-01-27
325219,325219,IM0031130,27.01.2014 10:02,Status Change,TEAM0191,27.01.2014 10:02,2014-01-27
325220,325220,IM0031130,27.01.2014 10:02,Assignment,TEAM0191,27.01.2014 11:12,2014-01-27
325221,325221,IM0031130,27.01.2014 11:12,Operator Update,TEAM0191,28.01.2014 09:55,2014-01-27
325222,325222,IM0031130,28.01.2014 09:55,Operator Update,TEAM0191,28.01.2014 14:28,2014-01-28
325223,325223,IM0031130,28.01.2014 14:28,Closed,TEAM0191,28.01.2014 14:28,2014-01-28
325224,325224,IM0031130,28.01.2014 14:28,Caused By CI,TEAM0191,28.01.2014 14:38,2014-01-28
325225,325225,IM0031131,27.01.2014 09:57,Open,TEAM0008,27.01.2014 12:36,2014-01-27
325226,325226,IM0031131,27.01.2014 12:36,Operator Update,TEAM0197,27.01.2014 12:36,2014-01-27
325227,325227,IM0031131,27.01.2014 12:36,Assignment,TEAM0197,27.01.2014 12:37,2014-01-27
325228,325228,IM0031131,27.01.2014 12:37,Closed,TEAM0197,27.01.2014 12:47,2014-01-27
325238,325238,IM0031134,27.01.2014 10:13,Open,TEAM0008,27.01.2014 10:15,2014-01-27
325239,325239,IM0031134,27.01.2014 10:15,Assignment,TEAM0039,27.01.2014 11:33,2014-01-27
325240,325240,IM0031134,27.01.2014 11:33,Caused By CI,TEAM0039,27.01.2014 11:33,2014-01-27
325241,325241,IM0031134,27.01.2014 11:33,Closed,TEAM0039,27.01.2014 11:43,2014-01-27
325260,325260,IM0031139,27.01.2014 10:43,Open,TEAM0037,27.01.2014 11:09,2014-01-27
325261,325261,IM0031139,27.01.2014 11:09,Caused By CI,TEAM0179,27.01.2014 11:09,2014-01-27
325262,325262,IM0031139,27.01.2014 11:09,Closed,TEAM0179,27.01.2014 11:19,2014-01-27
325263,325263,IM0031140,27.01.2014 10:55,Open,TEAM0008,27.01.2014 12:50,2014-01-27
325264,325264,IM0031140,27.01.2014 12:50,Assignment,TEAM0197,27.01.2014 12:58,2014-01-27
325265,325265,IM0031140,27.01.2014 12:58,Operator Update,TEAM0197,27.01.2014 12:58,2014-01-27
325266,325266,IM0031140,27.01.2014 12:58,Closed,TEAM0197,27.01.2014 13:08,2014-01-27
325280,325280,IM0031143,27.01.2014 08:06,Open,TEAM0018,27.01.2014 08:08,2014-01-27
325281,325281,IM0031143,27.01.2014 08:08,Reassignment,TEAM0018,27.01.2014 08:08,2014-01-27
325282,325282,IM0031143,27.01.2014 08:08,Update,TEAM0018,27.01.2014 09:17,2014-01-27
325283,325283,IM0031143,27.01.2014 09:17,Assignment,TEAM0019,27.01.2014 09:17,2014-01-27
325284,325284,IM0031143,27.01.2014 09:17,Update,TEAM0019,27.01.2014 09:17,2014-01-27
325285,325285,IM0031143,27.01.2014 09:17,Reassignment,TEAM0019,03.02.2014 09:16,2014-01-27
325286,325286,IM0031143,03.02.2014 09:16,Reassignment,TEAM0148,03.02.2014 09:16,2014-03-02
325287,325287,IM0031143,03.02.2014 09:16,Analysis/Research,TEAM0148,03.02.2014 09:16,2014-03-02
325288,325288,IM0031143,03.02.2014 09:16,Assignment,TEAM0148,03.02.2014 20:21,2014-03-02
325289,325289,IM0031143,03.02.2014 20:21,Reassignment,TEAM0019,03.02.2014 20:21,2014-03-02
325290,325290,IM0031143,03.02.2014 20:21,Update,TEAM0019,04.02.2014 18:00,2014-03-02
325291,325291,IM0031143,04.02.2014 18:00,Assignment,TEAM0019,04.02.2014 18:00,2014-04-02
325292,325292,IM0031143,04.02.2014 18:00,Update,TEAM0019,04.02.2014 18:00,2014-04-02
325293,325293,IM0031143,04.02.2014 18:00,Reassignment,TEAM0019,05.02.2014 08:00,2014-04-02
325294,325294,IM0031143,05.02.2014 08:00,Closed,TEAM0018,05.02.2014 08:10,2014-05-02
325393,325393,IM0031150,27.01.2014 08:51,Open,TEAM0008,27.01.2014 08:52,2014-01-27
325394,325394,IM0031150,27.01.2014 08:52,Status Change,TEAM0008,27.01.2014 08:52,2014-01-27
325395,325395,IM0031150,27.01.2014 08:52,External Vendor Assignment,TEAM0008,27.01.2014 08:52,2014-01-27
325396,325396,IM0031150,27.01.2014 08:52,Pending vendor,TEAM0008,27.01.2014 09:02,2014-01-27
325485,325485,IM0031160,27.01.2014 09:34,Open,TEAM0008,27.01.2014 10:14,2014-01-27
325486,325486,IM0031160,27.01.2014 10:14,Reassignment,TEAM0039,27.01.2014 10:42,2014-01-27
325487,325487,IM0031160,27.01.2014 10:42,Assignment,TEAM0007,27.01.2014 11:23,2014-01-27
325488,325488,IM0031160,27.01.2014 11:23,Communication with customer,TEAM0007,27.01.2014 11:40,2014-01-27
325489,325489,IM0031160,27.01.2014 11:40,Closed,TEAM0007,27.01.2014 11:40,2014-01-27
325490,325490,IM0031160,27.01.2014 11:40,Caused By CI,TEAM0007,27.01.2014 11:50,2014-01-27
325500,325500,IM0031162,27.01.2014 09:50,Open,TEAM0008,27.01.2014 12:32,2014-01-27
325501,325501,IM0031162,27.01.2014 12:32,Status Change,TEAM0191,27.01.2014 12:32,2014-01-27
325502,325502,IM0031162,27.01.2014 12:32,Assignment,TEAM0191,27.01.2014 12:39,2014-01-27
325503,325503,IM0031162,27.01.2014 12:39,Operator Update,TEAM0191,27.01.2014 12:39,2014-01-27
325504,325504,IM0031162,27.01.2014 12:39,Status Change,TEAM0191,27.01.2014 13:06,2014-01-27
325505,325505,IM0031162,27.01.2014 13:06,Update from customer,TEAM0191,27.01.2014 13:09,2014-01-27
325506,325506,IM0031162,27.01.2014 13:09,Reassignment,TEAM0191,27.01.2014 13:09,2014-01-27
325507,325507,IM0031162,27.01.2014 13:09,Operator Update,TEAM0191,27.01.2014 13:09,2014-01-27
325508,325508,IM0031162,27.01.2014 13:09,Status Change,TEAM0191,27.01.2014 13:09,2014-01-27
325509,325509,IM0031162,27.01.2014 13:09,Assignment,TEAM0191,27.01.2014 15:05,2014-01-27
325510,325510,IM0031162,27.01.2014 15:05,Caused By CI,TEAM0187,27.01.2014 15:05,2014-01-27
325511,325511,IM0031162,27.01.2014 15:05,Closed,TEAM0187,27.01.2014 15:15,2014-01-27
325550,325550,IM0031169,27.01.2014 10:07,Open,TEAM0008,27.01.2014 10:15,2014-01-27
325551,325551,IM0031169,27.01.2014 10:15,Assignment,TEAM0039,27.01.2014 11:34,2014-01-27
325552,325552,IM0031169,27.01.2014 11:34,Closed,TEAM0039,27.01.2014 11:34,2014-01-27
325553,325553,IM0031169,27.01.2014 11:34,Caused By CI,TEAM0039,27.01.2014 11:44,2014-01-27
325574,325574,IM0031174,27.01.2014 10:14,Open,TEAM0008,27.01.2014 10:19,2014-01-27
325575,325575,IM0031174,27.01.2014 10:19,Assignment,TEAM0191,27.01.2014 16:34,2014-01-27
325576,325576,IM0031174,27.01.2014 16:34,Closed,TEAM0191,27.01.2014 16:34,2014-01-27
325577,325577,IM0031174,27.01.2014 16:34,Caused By CI,TEAM0191,27.01.2014 16:44,2014-01-27
325607,325607,IM0031178,27.01.2014 10:19,Open,TEAM0008,27.01.2014 11:26,2014-01-27
325608,325608,IM0031178,27.01.2014 11:26,Assignment,TEAM0119,27.01.2014 12:07,2014-01-27
325609,325609,IM0031178,27.01.2014 12:07,Communication with customer,TEAM0119,27.01.2014 12:07,2014-01-27
325610,325610,IM0031178,27.01.2014 12:07,Status Change,TEAM0119,27.01.2014 12:49,2014-01-27
325611,325611,IM0031178,27.01.2014 12:49,Resolved,TEAM0119,27.01.2014 12:49,2014-01-27
325612,325612,IM0031178,27.01.2014 12:49,Closed,TEAM0119,27.01.2014 12:59,2014-01-27
325660,325660,IM0031185,27.01.2014 09:11,Open,TEAM0008,27.01.2014 10:13,2014-01-27
325661,325661,IM0031185,27.01.2014 10:13,Assignment,TEAM0039,27.01.2014 10:13,2014-01-27
325662,325662,IM0031185,27.01.2014 10:13,Status Change,TEAM0039,27.01.2014 15:53,2014-01-27
325663,325663,IM0031185,27.01.2014 15:53,Mail to Customer,TEAM0039,27.01.2014 15:54,2014-01-27
325664,325664,IM0031185,27.01.2014 15:54,Closed,TEAM0039,27.01.2014 16:04,2014-01-27
325764,325764,IM0031197,27.01.2014 09:51,Open,TEAM0008,27.01.2014 11:41,2014-01-27
325765,325765,IM0031197,27.01.2014 11:41,Assignment,TEAM0007,29.01.2014 10:21,2014-01-27
325766,325766,IM0031197,29.01.2014 10:21,Caused By CI,TEAM0007,29.01.2014 10:21,2014-01-29
325767,325767,IM0031197,29.01.2014 10:21,Closed,TEAM0007,29.01.2014 10:31,2014-01-29
325838,325838,IM0031208,27.01.2014 10:18,Open,TEAM0008,27.01.2014 13:10,2014-01-27
325839,325839,IM0031208,27.01.2014 13:10,Assignment,TEAM0191,27.01.2014 13:10,2014-01-27
325840,325840,IM0031208,27.01.2014 13:10,Status Change,TEAM0191,27.01.2014 13:12,2014-01-27
325841,325841,IM0031208,27.01.2014 13:12,Assignment,TEAM0191,27.01.2014 13:12,2014-01-27
325842,325842,IM0031208,27.01.2014 13:12,Operator Update,TEAM0191,27.01.2014 13:12,2014-01-27
325843,325843,IM0031208,27.01.2014 13:12,Status Change,TEAM0191,27.01.2014 13:12,2014-01-27
325844,325844,IM0031208,27.01.2014 13:12,Reassignment,TEAM0191,27.01.2014 14:57,2014-01-27
325845,325845,IM0031208,27.01.2014 14:57,Caused By CI,TEAM0187,27.01.2014 14:57,2014-01-27
325846,325846,IM0031208,27.01.2014 14:57,Closed,TEAM0187,27.01.2014 15:07,2014-01-27
325862,325862,IM0031212,27.01.2014 10:28,Open,TEAM0008,27.01.2014 12:20,2014-01-27
325863,325863,IM0031212,27.01.2014 12:20,Assignment,TEAM0191,27.01.2014 12:20,2014-01-27
325864,325864,IM0031212,27.01.2014 12:20,Status Change,TEAM0191,27.01.2014 12:23,2014-01-27
325865,325865,IM0031212,27.01.2014 12:23,Mail to Customer,TEAM0191,27.01.2014 12:24,2014-01-27
325866,325866,IM0031212,27.01.2014 12:24,Caused By CI,TEAM0191,27.01.2014 12:24,2014-01-27
325867,325867,IM0031212,27.01.2014 12:24,Closed,TEAM0191,27.01.2014 12:34,2014-01-27
325908,325908,IM0031218,27.01.2014 10:52,Open,TEAM0008,27.01.2014 10:58,2014-01-27
325909,325909,IM0031218,27.01.2014 10:58,Operator Update,TEAM0008,28.01.2014 12:51,2014-01-27
325910,325910,IM0031218,28.01.2014 12:51,Reassignment,TEAM0008,28.01.2014 12:51,2014-01-28
325911,325911,IM0031218,28.01.2014 12:51,Update,TEAM0008,28.01.2014 13:00,2014-01-28
325912,325912,IM0031218,28.01.2014 13:00,Operator Update,TEAM0007,28.01.2014 13:00,2014-01-28
325913,325913,IM0031218,28.01.2014 13:00,Reassignment,TEAM0007,28.01.2014 13:26,2014-01-28
325914,325914,IM0031218,28.01.2014 13:26,Status Change,TEAM0008,28.01.2014 13:26,2014-01-28
325915,325915,IM0031218,28.01.2014 13:26,Assignment,TEAM0008,28.01.2014 14:09,2014-01-28
325916,325916,IM0031218,28.01.2014 14:09,Status Change,TEAM0008,28.01.2014 14:09,2014-01-28
325917,325917,IM0031218,28.01.2014 14:09,Update from customer,TEAM0008,28.01.2014 14:09,2014-01-28
325918,325918,IM0031218,28.01.2014 14:09,Reassignment,TEAM0008,28.01.2014 14:09,2014-01-28
325919,325919,IM0031218,28.01.2014 14:09,Assignment,TEAM0008,28.01.2014 14:09,2014-01-28
325920,325920,IM0031218,28.01.2014 14:09,Update from customer,TEAM9999,28.01.2014 14:13,2014-01-28
325921,325921,IM0031218,28.01.2014 14:13,Assignment,TEAM0007,03.02.2014 14:39,2014-01-28
325922,325922,IM0031218,03.02.2014 14:39,Communication with customer,TEAM0007,03.02.2014 14:39,2014-03-02
325923,325923,IM0031218,03.02.2014 14:39,Status Change,TEAM0007,03.02.2014 15:18,2014-03-02
325924,325924,IM0031218,03.02.2014 15:18,Update from customer,TEAM0007,03.02.2014 15:36,2014-03-02
325925,325925,IM0031218,03.02.2014 15:36,Caused By CI,TEAM0007,03.02.2014 15:36,2014-03-02
325926,325926,IM0031218,03.02.2014 15:36,Closed,TEAM0007,03.02.2014 15:36,2014-03-02
325927,325927,IM0031218,03.02.2014 15:36,Quality Indicator Fixed,TEAM0007,03.02.2014 15:46,2014-03-02
325949,325949,IM0031222,27.01.2014 11:03,Open,TEAM0008,27.01.2014 11:27,2014-01-27
325950,325950,IM0031222,27.01.2014 11:27,Assignment,TEAM0057,27.01.2014 11:27,2014-01-27
325951,325951,IM0031222,27.01.2014 11:27,Status Change,TEAM0057,27.01.2014 11:27,2014-01-27
325952,325952,IM0031222,27.01.2014 11:27,Operator Update,TEAM0057,29.01.2014 09:57,2014-01-27
325953,325953,IM0031222,29.01.2014 09:57,Caused By CI,TEAM0057,29.01.2014 09:57,2014-01-29
325954,325954,IM0031222,29.01.2014 09:57,Closed,TEAM0057,29.01.2014 10:07,2014-01-29
326085,326085,IM0031235,27.01.2014 10:38,Open,TEAM0018,27.01.2014 10:39,2014-01-27
326086,326086,IM0031235,27.01.2014 10:39,Reassignment,TEAM0018,27.01.2014 10:39,2014-01-27
326087,326087,IM0031235,27.01.2014 10:39,Update,TEAM0018,27.01.2014 16:38,2014-01-27
326088,326088,IM0031235,27.01.2014 16:38,Assignment,TEAM0017,28.01.2014 14:32,2014-01-27
326089,326089,IM0031235,28.01.2014 14:32,Assignment,TEAM0053,28.01.2014 14:32,2014-01-28
326090,326090,IM0031235,28.01.2014 14:32,Reassignment,TEAM0053,28.01.2014 14:32,2014-01-28
326091,326091,IM0031235,28.01.2014 14:32,Operator Update,TEAM0053,28.01.2014 15:20,2014-01-28
326092,326092,IM0031235,28.01.2014 15:20,Closed,TEAM0018,28.01.2014 15:30,2014-01-28
326162,326162,IM0031244,27.01.2014 11:11,Open,TEAM0002,27.01.2014 11:40,2014-01-27
326163,326163,IM0031244,27.01.2014 11:40,Assignment,TEAM0171,27.01.2014 11:40,2014-01-27
326164,326164,IM0031244,27.01.2014 11:40,Operator Update,TEAM0171,27.01.2014 11:40,2014-01-27
326165,326165,IM0031244,27.01.2014 11:40,Status Change,TEAM0171,27.01.2014 12:18,2014-01-27
326166,326166,IM0031244,27.01.2014 12:18,Operator Update,TEAM0171,27.01.2014 12:40,2014-01-27
326167,326167,IM0031244,27.01.2014 12:40,Operator Update,TEAM0171,27.01.2014 13:57,2014-01-27
326168,326168,IM0031244,27.01.2014 13:57,Update,TEAM0199,27.01.2014 14:27,2014-01-27
326169,326169,IM0031244,27.01.2014 14:27,Closed,TEAM0171,27.01.2014 14:27,2014-01-27
326170,326170,IM0031244,27.01.2014 14:27,Caused By CI,TEAM0171,27.01.2014 14:37,2014-01-27
326177,326177,IM0031246,27.01.2014 11:18,Open,TEAM0008,27.01.2014 12:59,2014-01-27
326178,326178,IM0031246,27.01.2014 12:59,Assignment,TEAM0007,05.02.2014 11:57,2014-01-27
326179,326179,IM0031246,05.02.2014 11:57,Caused By CI,TEAM0007,05.02.2014 11:57,2014-05-02
326180,326180,IM0031246,05.02.2014 11:57,Closed,TEAM0007,05.02.2014 11:57,2014-05-02
326181,326181,IM0031246,05.02.2014 11:57,Quality Indicator Fixed,TEAM0007,05.02.2014 12:07,2014-05-02
326182,326182,IM0031247,27.01.2014 11:21,Open,TEAM0018,27.01.2014 11:24,2014-01-27
326183,326183,IM0031247,27.01.2014 11:24,Update,TEAM0018,27.01.2014 11:24,2014-01-27
326184,326184,IM0031247,27.01.2014 11:24,Reassignment,TEAM0018,28.01.2014 09:17,2014-01-27
326185,326185,IM0031247,28.01.2014 09:17,Assignment,TEAM0017,28.01.2014 14:33,2014-01-28
326186,326186,IM0031247,28.01.2014 14:33,Reassignment,TEAM0053,28.01.2014 14:33,2014-01-28
326187,326187,IM0031247,28.01.2014 14:33,Assignment,TEAM0053,28.01.2014 14:33,2014-01-28
326188,326188,IM0031247,28.01.2014 14:33,Operator Update,TEAM0053,28.01.2014 15:22,2014-01-28
326189,326189,IM0031247,28.01.2014 15:22,Closed,TEAM0018,13.02.2014 12:34,2014-01-28
326190,326190,IM0031247,13.02.2014 12:34,Update,TEAM0018,13.02.2014 12:34,2014-02-13
326191,326191,IM0031247,13.02.2014 12:34,Reopen,TEAM0018,13.02.2014 12:35,2014-02-13
326192,326192,IM0031247,13.02.2014 12:35,Reassignment,TEAM0018,13.02.2014 12:35,2014-02-13
326193,326193,IM0031247,13.02.2014 12:35,Assignment,TEAM0018,13.02.2014 12:36,2014-02-13
326194,326194,IM0031247,13.02.2014 12:36,Notify By Change,TEAM9999,13.02.2014 15:54,2014-02-13
326195,326195,IM0031247,13.02.2014 15:54,Assignment,TEAM0019,15.02.2014 20:09,2014-02-13
326196,326196,IM0031247,15.02.2014 20:09,Reassignment,TEAM0053,15.02.2014 20:09,2014-02-15
326197,326197,IM0031247,15.02.2014 20:09,Assignment,TEAM0053,15.02.2014 20:09,2014-02-15
326198,326198,IM0031247,15.02.2014 20:09,Operator Update,TEAM0053,17.02.2014 08:00,2014-02-15
326199,326199,IM0031247,17.02.2014 08:00,Assignment,TEAM0018,17.02.2014 08:00,2014-02-17
326200,326200,IM0031247,17.02.2014 08:00,Reassignment,TEAM0018,17.02.2014 08:00,2014-02-17
326201,326201,IM0031247,17.02.2014 08:00,Update,TEAM0018,19.02.2014 11:06,2014-02-17
326202,326202,IM0031247,19.02.2014 11:06,Assignment,TEAM0017,19.02.2014 11:06,2014-02-19
326203,326203,IM0031247,19.02.2014 11:06,Reassignment,TEAM0017,19.02.2014 11:06,2014-02-19
326204,326204,IM0031247,19.02.2014 11:06,Operator Update,TEAM0017,21.02.2014 09:15,2014-02-19
326205,326205,IM0031247,21.02.2014 09:15,Closed,TEAM0018,21.02.2014 09:25,2014-02-21
326206,326206,IM0031248,27.01.2014 11:22,Open,TEAM0018,27.01.2014 11:24,2014-01-27
326207,326207,IM0031248,27.01.2014 11:24,Caused By CI,TEAM0018,27.01.2014 11:24,2014-01-27
326208,326208,IM0031248,27.01.2014 11:24,Closed,TEAM0018,27.01.2014 11:34,2014-01-27
326234,326234,IM0031251,27.01.2014 11:31,Open,TEAM0008,27.01.2014 11:51,2014-01-27
326235,326235,IM0031251,27.01.2014 11:51,Assignment,TEAM0086,27.01.2014 11:51,2014-01-27
326236,326236,IM0031251,27.01.2014 11:51,Status Change,TEAM0086,27.01.2014 11:51,2014-01-27
326237,326237,IM0031251,27.01.2014 11:51,Pending vendor,TEAM0086,27.01.2014 16:03,2014-01-27
326238,326238,IM0031251,27.01.2014 16:03,Update,TEAM0086,27.01.2014 16:03,2014-01-27
326239,326239,IM0031251,27.01.2014 16:03,Status Change,TEAM0086,28.01.2014 13:59,2014-01-27
326240,326240,IM0031251,28.01.2014 13:59,Closed,TEAM0086,28.01.2014 14:09,2014-01-28
326352,326352,IM0031266,27.01.2014 12:12,Open,TEAM0008,27.01.2014 13:21,2014-01-27
326353,326353,IM0031266,27.01.2014 13:21,Operator Update,TEAM0008,27.01.2014 13:21,2014-01-27
326354,326354,IM0031266,27.01.2014 13:21,Impact Change,TEAM0008,27.01.2014 13:21,2014-01-27
326355,326355,IM0031266,27.01.2014 13:21,Urgency Change,TEAM0008,27.01.2014 15:12,2014-01-27
326356,326356,IM0031266,27.01.2014 15:12,Status Change,TEAM0186,27.01.2014 15:12,2014-01-27
326357,326357,IM0031266,27.01.2014 15:12,Assignment,TEAM0186,27.01.2014 16:10,2014-01-27
326358,326358,IM0031266,27.01.2014 16:10,Status Change,TEAM0186,27.01.2014 16:10,2014-01-27
326359,326359,IM0031266,27.01.2014 16:10,Communication with customer,TEAM0186,29.01.2014 21:54,2014-01-27
326360,326360,IM0031266,29.01.2014 21:54,Closed,TEAM0186,29.01.2014 21:54,2014-01-29
326361,326361,IM0031266,29.01.2014 21:54,Caused By CI,TEAM0186,29.01.2014 22:04,2014-01-29
326371,326371,IM0031269,27.01.2014 12:26,Open,TEAM0018,27.01.2014 13:21,2014-01-27
326372,326372,IM0031269,27.01.2014 13:21,Update,TEAM0018,27.01.2014 13:21,2014-01-27
326373,326373,IM0031269,27.01.2014 13:21,Reassignment,TEAM0018,27.01.2014 13:55,2014-01-27
326374,326374,IM0031269,27.01.2014 13:55,Update,TEAM0019,27.01.2014 13:55,2014-01-27
326375,326375,IM0031269,27.01.2014 13:55,Reassignment,TEAM0019,27.01.2014 14:58,2014-01-27
326376,326376,IM0031269,27.01.2014 14:58,Caused By CI,TEAM0018,27.01.2014 14:58,2014-01-27
326377,326377,IM0031269,27.01.2014 14:58,Closed,TEAM0018,27.01.2014 15:08,2014-01-27
326436,326436,IM0031279,27.01.2014 10:45,Open,TEAM0008,27.01.2014 11:53,2014-01-27
326437,326437,IM0031279,27.01.2014 11:53,Assignment,TEAM0039,27.01.2014 11:53,2014-01-27
326438,326438,IM0031279,27.01.2014 11:53,Status Change,TEAM0039,27.01.2014 15:05,2014-01-27
326439,326439,IM0031279,27.01.2014 15:05,Operator Update,TEAM0039,27.01.2014 15:05,2014-01-27
326440,326440,IM0031279,27.01.2014 15:05,Status Change,TEAM0039,28.01.2014 13:47,2014-01-27
326441,326441,IM0031279,28.01.2014 13:47,Assignment,TEAM0039,28.01.2014 13:47,2014-01-28
326442,326442,IM0031279,28.01.2014 13:47,Operator Update,TEAM0039,28.01.2014 13:47,2014-01-28
326443,326443,IM0031279,28.01.2014 13:47,Status Change,TEAM0039,28.01.2014 13:58,2014-01-28
326444,326444,IM0031279,28.01.2014 13:58,Closed,TEAM0191,28.01.2014 13:58,2014-01-28
326445,326445,IM0031279,28.01.2014 13:58,Caused By CI,TEAM0191,28.01.2014 14:08,2014-01-28
326451,326451,IM0031281,27.01.2014 10:51,Open,TEAM0008,27.01.2014 11:11,2014-01-27
326452,326452,IM0031281,27.01.2014 11:11,Assignment,TEAM0192,27.01.2014 11:11,2014-01-27
326453,326453,IM0031281,27.01.2014 11:11,Status Change,TEAM0192,27.01.2014 11:24,2014-01-27
326454,326454,IM0031281,27.01.2014 11:24,Closed,TEAM0192,27.01.2014 11:24,2014-01-27
326455,326455,IM0031281,27.01.2014 11:24,Caused By CI,TEAM0192,27.01.2014 11:34,2014-01-27
326476,326476,IM0031283,27.01.2014 11:01,Open,TEAM0008,27.01.2014 15:02,2014-01-27
326477,326477,IM0031283,27.01.2014 15:02,Assignment,TEAM0197,27.01.2014 15:13,2014-01-27
326478,326478,IM0031283,27.01.2014 15:13,Operator Update,TEAM0197,27.01.2014 15:29,2014-01-27
326479,326479,IM0031283,27.01.2014 15:29,Operator Update,TEAM0197,27.01.2014 15:29,2014-01-27
326480,326480,IM0031283,27.01.2014 15:29,Closed,TEAM0197,27.01.2014 15:39,2014-01-27
326500,326500,IM0031288,27.01.2014 11:14,Open,TEAM0008,27.01.2014 11:41,2014-01-27
326501,326501,IM0031288,27.01.2014 11:41,Assignment,TEAM0007,29.01.2014 10:55,2014-01-27
326502,326502,IM0031288,29.01.2014 10:55,Caused By CI,TEAM0007,29.01.2014 10:55,2014-01-29
326503,326503,IM0031288,29.01.2014 10:55,Closed,TEAM0007,29.01.2014 11:05,2014-01-29
326504,326504,IM0031289,27.01.2014 11:16,Open,TEAM0008,27.01.2014 11:36,2014-01-27
326505,326505,IM0031289,27.01.2014 11:36,Assignment,TEAM0132,27.01.2014 11:42,2014-01-27
326506,326506,IM0031289,27.01.2014 11:42,Operator Update,TEAM0132,27.01.2014 11:51,2014-01-27
326507,326507,IM0031289,27.01.2014 11:51,Caused By CI,TEAM0132,27.01.2014 11:51,2014-01-27
326508,326508,IM0031289,27.01.2014 11:51,Closed,TEAM0132,27.01.2014 12:01,2014-01-27
326574,326574,IM0031298,27.01.2014 11:49,Open,TEAM0008,27.01.2014 12:58,2014-01-27
326575,326575,IM0031298,27.01.2014 12:58,Caused By CI,TEAM0039,27.01.2014 12:58,2014-01-27
326576,326576,IM0031298,27.01.2014 12:58,Closed,TEAM0039,27.01.2014 13:08,2014-01-27
326612,326612,IM0031304,27.01.2014 12:13,Open,TEAM0008,27.01.2014 13:37,2014-01-27
326613,326613,IM0031304,27.01.2014 13:37,Quality Indicator Fixed,TEAM0039,27.01.2014 13:37,2014-01-27
326614,326614,IM0031304,27.01.2014 13:37,Caused By CI,TEAM0039,27.01.2014 13:37,2014-01-27
326615,326615,IM0031304,27.01.2014 13:37,Closed,TEAM0039,27.01.2014 13:47,2014-01-27
326725,326725,IM0031313,27.01.2014 11:33,Open,TEAM0008,27.01.2014 15:09,2014-01-27
326726,326726,IM0031313,27.01.2014 15:09,Status Change,TEAM0191,27.01.2014 15:09,2014-01-27
326727,326727,IM0031313,27.01.2014 15:09,Assignment,TEAM0191,27.01.2014 15:17,2014-01-27
326728,326728,IM0031313,27.01.2014 15:17,Operator Update,TEAM0191,27.01.2014 15:17,2014-01-27
326729,326729,IM0031313,27.01.2014 15:17,Status Change,TEAM0191,27.01.2014 15:17,2014-01-27
326730,326730,IM0031313,27.01.2014 15:17,Reassignment,TEAM0191,27.01.2014 15:17,2014-01-27
326731,326731,IM0031313,27.01.2014 15:17,Assignment,TEAM0191,27.01.2014 15:44,2014-01-27
326732,326732,IM0031313,27.01.2014 15:44,Assignment,TEAM0187,27.01.2014 16:50,2014-01-27
326733,326733,IM0031313,27.01.2014 16:50,Analysis/Research,TEAM0187,27.01.2014 17:26,2014-01-27
326734,326734,IM0031313,27.01.2014 17:26,Caused By CI,TEAM0187,27.01.2014 17:26,2014-01-27
326735,326735,IM0031313,27.01.2014 17:26,Closed,TEAM0187,27.01.2014 17:36,2014-01-27
326778,326778,IM0031321,27.01.2014 11:59,Open,TEAM0008,27.01.2014 13:51,2014-01-27
326779,326779,IM0031321,27.01.2014 13:51,Status Change,TEAM0007,27.01.2014 13:51,2014-01-27
326780,326780,IM0031321,27.01.2014 13:51,Assignment,TEAM0007,30.01.2014 11:14,2014-01-27
326781,326781,IM0031321,30.01.2014 11:14,Quality Indicator Fixed,TEAM0007,30.01.2014 11:14,2014-01-30
326782,326782,IM0031321,30.01.2014 11:14,Caused By CI,TEAM0007,30.01.2014 11:14,2014-01-30
326783,326783,IM0031321,30.01.2014 11:14,Closed,TEAM0007,30.01.2014 11:24,2014-01-30
326814,326814,IM0031328,27.01.2014 13:06,Open,TEAM0008,27.01.2014 13:18,2014-01-27
326815,326815,IM0031328,27.01.2014 13:18,Reassignment,TEAM0063,27.01.2014 13:18,2014-01-27
326816,326816,IM0031328,27.01.2014 13:18,Update,TEAM0063,27.01.2014 13:55,2014-01-27
326817,326817,IM0031328,27.01.2014 13:55,Assignment,TEAM0007,28.01.2014 14:29,2014-01-27
326818,326818,IM0031328,28.01.2014 14:29,Quality Indicator Fixed,TEAM0007,28.01.2014 14:29,2014-01-28
326819,326819,IM0031328,28.01.2014 14:29,Closed,TEAM0007,28.01.2014 14:29,2014-01-28
326820,326820,IM0031328,28.01.2014 14:29,Caused By CI,TEAM0007,28.01.2014 14:39,2014-01-28
326851,326851,IM0031331,27.01.2014 13:20,Open,TEAM0008,27.01.2014 13:39,2014-01-27
326852,326852,IM0031331,27.01.2014 13:39,Assignment,TEAM0176,27.01.2014 13:39,2014-01-27
326853,326853,IM0031331,27.01.2014 13:39,Status Change,TEAM0176,27.01.2014 13:41,2014-01-27
326854,326854,IM0031331,27.01.2014 13:41,Operator Update,TEAM0176,27.01.2014 13:48,2014-01-27
326855,326855,IM0031331,27.01.2014 13:48,Status Change,TEAM0176,27.01.2014 13:48,2014-01-27
326856,326856,IM0031331,27.01.2014 13:48,Quality Indicator Set,TEAM0176,27.01.2014 13:48,2014-01-27
326857,326857,IM0031331,27.01.2014 13:48,Operator Update,TEAM0176,27.01.2014 13:48,2014-01-27
326858,326858,IM0031331,27.01.2014 13:48,Operator Update,TEAM0176,27.01.2014 13:59,2014-01-27
326859,326859,IM0031331,27.01.2014 13:59,Operator Update,TEAM0176,27.01.2014 14:08,2014-01-27
326860,326860,IM0031331,27.01.2014 14:08,Communication with customer,TEAM0008,27.01.2014 14:08,2014-01-27
326861,326861,IM0031331,27.01.2014 14:08,Status Change,TEAM0008,27.01.2014 14:08,2014-01-27
326862,326862,IM0031331,27.01.2014 14:08,Assignment,TEAM0008,27.01.2014 14:10,2014-01-27
326863,326863,IM0031331,27.01.2014 14:10,Assignment,TEAM0176,27.01.2014 14:10,2014-01-27
326864,326864,IM0031331,27.01.2014 14:10,Status Change,TEAM0176,27.01.2014 14:20,2014-01-27
326865,326865,IM0031331,27.01.2014 14:20,Operator Update,TEAM0176,27.01.2014 14:26,2014-01-27
326866,326866,IM0031331,27.01.2014 14:26,Operator Update,TEAM0176,27.01.2014 14:43,2014-01-27
326867,326867,IM0031331,27.01.2014 14:43,Quality Indicator Fixed,TEAM0176,27.01.2014 14:43,2014-01-27
326868,326868,IM0031331,27.01.2014 14:43,Reassignment,TEAM0176,27.01.2014 14:43,2014-01-27
326869,326869,IM0031331,27.01.2014 14:43,Assignment,TEAM0176,27.01.2014 14:43,2014-01-27
326870,326870,IM0031331,27.01.2014 14:43,Operator Update,TEAM0176,27.01.2014 14:43,2014-01-27
326871,326871,IM0031331,27.01.2014 14:43,Status Change,TEAM0176,27.01.2014 14:43,2014-01-27
326872,326872,IM0031331,27.01.2014 14:43,External Vendor Assignment,TEAM0176,27.01.2014 15:34,2014-01-27
326873,326873,IM0031331,27.01.2014 15:34,Assignment,TEAM0070,27.01.2014 15:34,2014-01-27
326874,326874,IM0031331,27.01.2014 15:34,Reassignment,TEAM0070,27.01.2014 15:34,2014-01-27
326875,326875,IM0031331,27.01.2014 15:34,Operator Update,TEAM0070,27.01.2014 16:40,2014-01-27
326876,326876,IM0031331,27.01.2014 16:40,Reassignment,TEAM0176,27.01.2014 16:40,2014-01-27
326877,326877,IM0031331,27.01.2014 16:40,Assignment,TEAM0176,27.01.2014 16:40,2014-01-27
326878,326878,IM0031331,27.01.2014 16:40,Operator Update,TEAM0176,28.01.2014 07:32,2014-01-27
326879,326879,IM0031331,28.01.2014 07:32,Analysis/Research,TEAM0071,28.01.2014 07:32,2014-01-28
326880,326880,IM0031331,28.01.2014 07:32,Reassignment,TEAM0071,28.01.2014 07:32,2014-01-28
326881,326881,IM0031331,28.01.2014 07:32,Assignment,TEAM0071,28.01.2014 09:48,2014-01-28
326882,326882,IM0031331,28.01.2014 09:48,Caused By CI,TEAM0176,28.01.2014 09:48,2014-01-28
326883,326883,IM0031331,28.01.2014 09:48,Closed,TEAM0176,28.01.2014 09:58,2014-01-28
326948,326948,IM0031342,27.01.2014 14:03,Open,TEAM0199,30.01.2014 08:50,2014-01-27
326949,326949,IM0031342,30.01.2014 08:50,Status Change,TEAM0039,30.01.2014 08:50,2014-01-30
326950,326950,IM0031342,30.01.2014 08:50,Assignment,TEAM0039,30.01.2014 10:32,2014-01-30
326951,326951,IM0031342,30.01.2014 10:32,Mail to Customer,TEAM0039,30.01.2014 10:33,2014-01-30
326952,326952,IM0031342,30.01.2014 10:33,Closed,TEAM0039,30.01.2014 10:43,2014-01-30
327133,327133,IM0031369,27.01.2014 11:49,Open,TEAM0008,27.01.2014 11:56,2014-01-27
327134,327134,IM0031369,27.01.2014 11:56,Assignment,TEAM0191,27.01.2014 11:56,2014-01-27
327135,327135,IM0031369,27.01.2014 11:56,Operator Update,TEAM0191,27.01.2014 11:56,2014-01-27
327136,327136,IM0031369,27.01.2014 11:56,Status Change,TEAM0191,27.01.2014 13:16,2014-01-27
327137,327137,IM0031369,27.01.2014 13:16,Operator Update,TEAM0197,27.01.2014 14:02,2014-01-27
327138,327138,IM0031369,27.01.2014 14:02,Resolved,TEAM0007,27.01.2014 14:04,2014-01-27
327139,327139,IM0031369,27.01.2014 14:04,Closed,TEAM0007,27.01.2014 14:14,2014-01-27
327143,327143,IM0031371,27.01.2014 11:51,Open,TEAM0008,27.01.2014 12:41,2014-01-27
327144,327144,IM0031371,27.01.2014 12:41,Assignment,TEAM0039,27.01.2014 12:42,2014-01-27
327145,327145,IM0031371,27.01.2014 12:42,Closed,TEAM0039,27.01.2014 12:52,2014-01-27
327158,327158,IM0031375,27.01.2014 12:02,Open,TEAM0008,27.01.2014 15:00,2014-01-27
327159,327159,IM0031375,27.01.2014 15:00,Caused By CI,TEAM0197,27.01.2014 15:00,2014-01-27
327160,327160,IM0031375,27.01.2014 15:00,Closed,TEAM0197,27.01.2014 15:10,2014-01-27
327168,327168,IM0031377,27.01.2014 12:06,Open,TEAM0008,27.01.2014 13:33,2014-01-27
327169,327169,IM0031377,27.01.2014 13:33,Assignment,TEAM0039,27.01.2014 13:33,2014-01-27
327170,327170,IM0031377,27.01.2014 13:33,Reassignment,TEAM0039,27.01.2014 15:02,2014-01-27
327171,327171,IM0031377,27.01.2014 15:02,Caused By CI,TEAM0187,27.01.2014 15:02,2014-01-27
327172,327172,IM0031377,27.01.2014 15:02,Closed,TEAM0187,27.01.2014 15:12,2014-01-27
327320,327320,IM0031397,27.01.2014 13:25,Open,TEAM0008,27.01.2014 15:31,2014-01-27
327321,327321,IM0031397,27.01.2014 15:31,Assignment,TEAM0143,27.01.2014 15:41,2014-01-27
327322,327322,IM0031397,27.01.2014 15:41,Status Change,TEAM0207,28.01.2014 12:49,2014-01-27
327323,327323,IM0031397,28.01.2014 12:49,Communication with customer,TEAM0207,28.01.2014 12:49,2014-01-28
327324,327324,IM0031397,28.01.2014 12:49,Closed,TEAM0207,28.01.2014 12:49,2014-01-28
327325,327325,IM0031397,28.01.2014 12:49,Caused By CI,TEAM0207,28.01.2014 12:59,2014-01-28
327326,327326,IM0031398,27.01.2014 12:40,Open,TEAM0199,27.01.2014 12:47,2014-01-27
327327,327327,IM0031398,27.01.2014 12:47,Update,TEAM0199,27.01.2014 13:27,2014-01-27
327328,327328,IM0031398,27.01.2014 13:27,Assignment,TEAM0134,28.01.2014 06:41,2014-01-27
327329,327329,IM0031398,28.01.2014 06:41,Status Change,TEAM0134,28.01.2014 14:04,2014-01-28
327330,327330,IM0031398,28.01.2014 14:04,Status Change,TEAM0134,28.01.2014 14:32,2014-01-28
327331,327331,IM0031398,28.01.2014 14:32,Closed,TEAM0134,28.01.2014 14:42,2014-01-28
327332,327332,IM0031399,27.01.2014 12:48,Open,TEAM0008,28.01.2014 11:30,2014-01-27
327333,327333,IM0031399,28.01.2014 11:30,Update,TEAM0039,28.01.2014 11:30,2014-01-28
327334,327334,IM0031399,28.01.2014 11:30,Reassignment,TEAM0039,28.01.2014 15:11,2014-01-28
327335,327335,IM0031399,28.01.2014 15:11,Update,TEAM0197,28.01.2014 15:11,2014-01-28
327336,327336,IM0031399,28.01.2014 15:11,Assignment,TEAM0197,28.01.2014 15:12,2014-01-28
327337,327337,IM0031399,28.01.2014 15:12,Status Change,TEAM0197,29.01.2014 07:55,2014-01-28
327338,327338,IM0031399,29.01.2014 07:55,Operator Update,TEAM0187,29.01.2014 08:27,2014-01-29
327339,327339,IM0031399,29.01.2014 08:27,Operator Update,TEAM0187,29.01.2014 16:58,2014-01-29
327340,327340,IM0031399,29.01.2014 16:58,Operator Update,TEAM0187,30.01.2014 10:07,2014-01-29
327341,327341,IM0031399,30.01.2014 10:07,Closed,TEAM9999,30.01.2014 13:23,2014-01-30
327342,327342,IM0031399,30.01.2014 13:23,Operator Update,TEAM0187,30.01.2014 13:25,2014-01-30
327343,327343,IM0031399,30.01.2014 13:25,Operator Update,TEAM0187,30.01.2014 13:27,2014-01-30
327344,327344,IM0031399,30.01.2014 13:27,Problem Workaround,TEAM9999,30.01.2014 13:27,2014-01-30
327345,327345,IM0031399,30.01.2014 13:27,Status Change,TEAM9999,10.02.2014 07:38,2014-01-30
327346,327346,IM0031399,10.02.2014 07:38,Operator Update,TEAM0187,10.02.2014 14:18,2014-10-02
327347,327347,IM0031399,10.02.2014 14:18,Closed,TEAM0187,10.02.2014 14:28,2014-10-02
327354,327354,IM0031401,27.01.2014 13:02,Open,TEAM0008,27.01.2014 13:17,2014-01-27
327355,327355,IM0031401,27.01.2014 13:17,Reassignment,TEAM0181,27.01.2014 13:17,2014-01-27
327356,327356,IM0031401,27.01.2014 13:17,Quality Indicator Fixed,TEAM0181,27.01.2014 13:17,2014-01-27
327357,327357,IM0031401,27.01.2014 13:17,Operator Update,TEAM0181,27.01.2014 14:47,2014-01-27
327358,327358,IM0031401,27.01.2014 14:47,Operator Update,TEAM0008,28.01.2014 12:13,2014-01-27
327359,327359,IM0031401,28.01.2014 12:13,Assignment,TEAM0008,28.01.2014 12:13,2014-01-28
327360,327360,IM0031401,28.01.2014 12:13,Status Change,TEAM0008,28.01.2014 13:28,2014-01-28
327361,327361,IM0031401,28.01.2014 13:28,Communication with customer,TEAM0008,28.01.2014 14:54,2014-01-28
327362,327362,IM0031401,28.01.2014 14:54,Reassignment,TEAM0008,28.01.2014 14:54,2014-01-28
327363,327363,IM0031401,28.01.2014 14:54,Status Change,TEAM0008,29.01.2014 14:28,2014-01-28
327364,327364,IM0031401,29.01.2014 14:28,Communication with customer,TEAM0008,05.02.2014 15:50,2014-01-29
327365,327365,IM0031401,05.02.2014 15:50,Closed,TEAM0008,05.02.2014 15:50,2014-05-02
327366,327366,IM0031401,05.02.2014 15:50,Caused By CI,TEAM0008,05.02.2014 16:00,2014-05-02
327404,327404,IM0031407,27.01.2014 13:39,Open,TEAM0008,27.01.2014 14:54,2014-01-27
327405,327405,IM0031407,27.01.2014 14:54,Status Change,TEAM0191,27.01.2014 14:54,2014-01-27
327406,327406,IM0031407,27.01.2014 14:54,Assignment,TEAM0191,27.01.2014 15:08,2014-01-27
327407,327407,IM0031407,27.01.2014 15:08,Status Change,TEAM0191,27.01.2014 15:08,2014-01-27
327408,327408,IM0031407,27.01.2014 15:08,Operator Update,TEAM0191,27.01.2014 15:19,2014-01-27
327409,327409,IM0031407,27.01.2014 15:19,Update from customer,TEAM0191,27.01.2014 15:21,2014-01-27
327410,327410,IM0031407,27.01.2014 15:21,Reassignment,TEAM0191,27.01.2014 15:21,2014-01-27
327411,327411,IM0031407,27.01.2014 15:21,Operator Update,TEAM0191,27.01.2014 15:21,2014-01-27
327412,327412,IM0031407,27.01.2014 15:21,Status Change,TEAM0191,27.01.2014 15:21,2014-01-27
327413,327413,IM0031407,27.01.2014 15:21,Assignment,TEAM0191,28.01.2014 07:19,2014-01-27
327414,327414,IM0031407,28.01.2014 07:19,Status Change,TEAM0197,28.01.2014 07:19,2014-01-28
327415,327415,IM0031407,28.01.2014 07:19,Assignment,TEAM0197,07.02.2014 10:04,2014-01-28
327416,327416,IM0031407,07.02.2014 10:04,Reassignment,TEAM0197,07.02.2014 10:04,2014-07-02
327417,327417,IM0031407,07.02.2014 10:04,Update,TEAM0197,07.02.2014 10:04,2014-07-02
327418,327418,IM0031407,07.02.2014 10:04,Assignment,TEAM0197,07.02.2014 10:14,2014-07-02
327419,327419,IM0031407,07.02.2014 10:14,Assignment,TEAM0187,07.02.2014 11:31,2014-07-02
327420,327420,IM0031407,07.02.2014 11:31,Operator Update,TEAM0187,07.02.2014 13:08,2014-07-02
327421,327421,IM0031407,07.02.2014 13:08,Status Change,TEAM0187,10.02.2014 07:45,2014-07-02
327422,327422,IM0031407,10.02.2014 07:45,Update from customer,TEAM0191,10.02.2014 07:54,2014-10-02
327423,327423,IM0031407,10.02.2014 07:54,Reassignment,TEAM0187,26.02.2014 12:48,2014-10-02
327424,327424,IM0031407,26.02.2014 12:48,Reassignment,TEAM0197,26.02.2014 12:48,2014-02-26
327425,327425,IM0031407,26.02.2014 12:48,Update,TEAM0197,26.02.2014 12:48,2014-02-26
327426,327426,IM0031407,26.02.2014 12:48,Assignment,TEAM0197,26.02.2014 14:58,2014-02-26
327427,327427,IM0031407,26.02.2014 14:58,Status Change,TEAM0187,26.02.2014 14:58,2014-02-26
327428,327428,IM0031407,26.02.2014 14:58,Assignment,TEAM0187,26.02.2014 16:35,2014-02-26
327429,327429,IM0031407,26.02.2014 16:35,Operator Update,TEAM0187,26.02.2014 16:37,2014-02-26
327430,327430,IM0031407,26.02.2014 16:37,Communication with customer,TEAM0187,26.02.2014 16:38,2014-02-26
327431,327431,IM0031407,26.02.2014 16:38,Operator Update,TEAM0187,26.02.2014 16:38,2014-02-26
327432,327432,IM0031407,26.02.2014 16:38,Status Change,TEAM0187,04.03.2014 10:36,2014-02-26
327433,327433,IM0031407,04.03.2014 10:36,Communication with customer,TEAM0187,05.03.2014 08:11,2014-04-03
327434,327434,IM0031407,05.03.2014 08:11,Operator Update,TEAM0187,06.03.2014 10:04,2014-05-03
327435,327435,IM0031407,06.03.2014 10:04,Operator Update,TEAM0187,06.03.2014 13:58,2014-06-03
327436,327436,IM0031407,06.03.2014 13:58,Communication with customer,TEAM0187,07.03.2014 07:47,2014-06-03
327437,327437,IM0031407,07.03.2014 07:47,Closed,TEAM0187,07.03.2014 07:47,2014-07-03
327438,327438,IM0031407,07.03.2014 07:47,Caused By CI,TEAM0187,07.03.2014 07:57,2014-07-03
327487,327487,IM0031414,27.01.2014 14:12,Open,TEAM0008,27.01.2014 14:12,2014-01-27
327488,327488,IM0031414,27.01.2014 14:12,Operator Update,TEAM0008,27.01.2014 15:50,2014-01-27
327489,327489,IM0031414,27.01.2014 15:50,Assignment,TEAM0197,27.01.2014 16:32,2014-01-27
327490,327490,IM0031414,27.01.2014 16:32,Mail to Customer,TEAM0197,27.01.2014 16:48,2014-01-27
327491,327491,IM0031414,27.01.2014 16:48,Caused By CI,TEAM0197,27.01.2014 16:48,2014-01-27
327492,327492,IM0031414,27.01.2014 16:48,Closed,TEAM0197,27.01.2014 16:48,2014-01-27
327493,327493,IM0031414,27.01.2014 16:48,Quality Indicator Fixed,TEAM0197,27.01.2014 16:58,2014-01-27
327570,327570,IM0031422,27.01.2014 14:37,Open,TEAM0008,27.01.2014 15:25,2014-01-27
327571,327571,IM0031422,27.01.2014 15:25,Assignment,TEAM0007,29.01.2014 08:59,2014-01-27
327572,327572,IM0031422,29.01.2014 08:59,Quality Indicator Fixed,TEAM0007,29.01.2014 08:59,2014-01-29
327573,327573,IM0031422,29.01.2014 08:59,Closed,TEAM0007,29.01.2014 08:59,2014-01-29
327574,327574,IM0031422,29.01.2014 08:59,Caused By CI,TEAM0007,05.02.2014 14:09,2014-01-29
327575,327575,IM0031422,05.02.2014 14:09,Update,TEAM0008,05.02.2014 14:09,2014-05-02
327576,327576,IM0031422,05.02.2014 14:09,Reopen,TEAM0008,05.02.2014 14:09,2014-05-02
327577,327577,IM0031422,05.02.2014 14:09,Assignment,TEAM0008,05.02.2014 15:49,2014-05-02
327578,327578,IM0031422,05.02.2014 15:49,Assignment,TEAM0007,10.02.2014 15:05,2014-05-02
327579,327579,IM0031422,10.02.2014 15:05,Communication with customer,TEAM0007,10.02.2014 15:05,2014-10-02
327580,327580,IM0031422,10.02.2014 15:05,Quality Indicator Set,TEAM0007,10.02.2014 15:07,2014-10-02
327581,327581,IM0031422,10.02.2014 15:07,Operator Update,TEAM0007,10.02.2014 15:07,2014-10-02
327582,327582,IM0031422,10.02.2014 15:07,Assignment,TEAM0007,10.02.2014 15:07,2014-10-02
327583,327583,IM0031422,10.02.2014 15:07,Reassignment,TEAM0007,10.02.2014 17:23,2014-10-02
327584,327584,IM0031422,10.02.2014 17:23,Status Change,TEAM0191,10.02.2014 17:23,2014-10-02
327585,327585,IM0031422,10.02.2014 17:23,Assignment,TEAM0191,11.02.2014 08:12,2014-10-02
327586,327586,IM0031422,11.02.2014 08:12,Closed,TEAM0191,11.02.2014 08:22,2014-11-02
327587,327587,IM0031423,27.01.2014 14:40,Open,TEAM0008,27.01.2014 15:27,2014-01-27
327588,327588,IM0031423,27.01.2014 15:27,Caused By CI,TEAM0039,27.01.2014 15:27,2014-01-27
327589,327589,IM0031423,27.01.2014 15:27,Closed,TEAM0039,27.01.2014 15:37,2014-01-27
327658,327658,IM0031432,27.01.2014 15:20,Open,TEAM0008,27.01.2014 16:44,2014-01-27
327659,327659,IM0031432,27.01.2014 16:44,Assignment,TEAM0007,28.01.2014 09:23,2014-01-27
327660,327660,IM0031432,28.01.2014 09:23,Operator Update,TEAM0007,28.01.2014 09:23,2014-01-28
327661,327661,IM0031432,28.01.2014 09:23,Assignment,TEAM0007,03.02.2014 16:45,2014-01-28
327662,327662,IM0031432,03.02.2014 16:45,Caused By CI,TEAM0007,03.02.2014 16:45,2014-03-02
327663,327663,IM0031432,03.02.2014 16:45,Closed,TEAM0007,03.02.2014 16:55,2014-03-02
327702,327702,IM0031437,27.01.2014 14:17,Open,TEAM0037,27.01.2014 15:04,2014-01-27
327703,327703,IM0031437,27.01.2014 15:04,Closed,TEAM0179,27.01.2014 15:04,2014-01-27
327704,327704,IM0031437,27.01.2014 15:04,Caused By CI,TEAM0179,27.01.2014 15:14,2014-01-27
327705,327705,IM0031438,27.01.2014 14:22,Open,TEAM0008,27.01.2014 15:49,2014-01-27
327706,327706,IM0031438,27.01.2014 15:49,Caused By CI,TEAM0039,27.01.2014 15:49,2014-01-27
327707,327707,IM0031438,27.01.2014 15:49,Closed,TEAM0039,27.01.2014 15:59,2014-01-27
327785,327785,IM0031450,27.01.2014 15:10,Open,TEAM0008,27.01.2014 17:16,2014-01-27
327786,327786,IM0031450,27.01.2014 17:16,Caused By CI,TEAM0191,27.01.2014 17:16,2014-01-27
327787,327787,IM0031450,27.01.2014 17:16,Closed,TEAM0191,27.01.2014 17:26,2014-01-27
327807,327807,IM0031456,27.01.2014 15:42,Open,TEAM0018,27.01.2014 15:43,2014-01-27
327808,327808,IM0031456,27.01.2014 15:43,Reassignment,TEAM0018,27.01.2014 16:32,2014-01-27
327809,327809,IM0031456,27.01.2014 16:32,Assignment,TEAM0017,28.01.2014 13:42,2014-01-27
327810,327810,IM0031456,28.01.2014 13:42,Operator Update,TEAM0053,28.01.2014 14:22,2014-01-28
327811,327811,IM0031456,28.01.2014 14:22,Operator Update,TEAM0053,28.01.2014 14:22,2014-01-28
327812,327812,IM0031456,28.01.2014 14:22,Reassignment,TEAM0053,28.01.2014 14:22,2014-01-28
327813,327813,IM0031456,28.01.2014 14:22,Assignment,TEAM0053,28.01.2014 15:25,2014-01-28
327814,327814,IM0031456,28.01.2014 15:25,Reassignment,TEAM0018,28.01.2014 15:25,2014-01-28
327815,327815,IM0031456,28.01.2014 15:25,Update,TEAM0018,28.01.2014 16:49,2014-01-28
327816,327816,IM0031456,28.01.2014 16:49,Assignment,TEAM0017,05.02.2014 10:45,2014-01-28
327817,327817,IM0031456,05.02.2014 10:45,Update,TEAM0018,05.02.2014 17:00,2014-05-02
327818,327818,IM0031456,05.02.2014 17:00,Caused By CI,TEAM0017,05.02.2014 17:00,2014-05-02
327819,327819,IM0031456,05.02.2014 17:00,Closed,TEAM0017,05.02.2014 17:10,2014-05-02
327831,327831,IM0031460,27.01.2014 16:13,Open,TEAM0008,27.01.2014 16:41,2014-01-27
327832,327832,IM0031460,27.01.2014 16:41,Status Change,TEAM0039,27.01.2014 16:41,2014-01-27
327833,327833,IM0031460,27.01.2014 16:41,Assignment,TEAM0039,27.01.2014 16:44,2014-01-27
327834,327834,IM0031460,27.01.2014 16:44,Mail to Customer,TEAM0039,27.01.2014 16:44,2014-01-27
327835,327835,IM0031460,27.01.2014 16:44,Closed,TEAM0039,27.01.2014 16:54,2014-01-27
327922,327922,IM0031467,27.01.2014 17:44,Open,TEAM0008,28.01.2014 08:57,2014-01-27
327923,327923,IM0031467,28.01.2014 08:57,Status Change,TEAM0039,28.01.2014 08:57,2014-01-28
327924,327924,IM0031467,28.01.2014 08:57,Assignment,TEAM0039,28.01.2014 09:41,2014-01-28
327925,327925,IM0031467,28.01.2014 09:41,Mail to Customer,TEAM0039,28.01.2014 09:42,2014-01-28
327926,327926,IM0031467,28.01.2014 09:42,Caused By CI,TEAM0039,28.01.2014 09:42,2014-01-28
327927,327927,IM0031467,28.01.2014 09:42,Closed,TEAM0039,28.01.2014 09:42,2014-01-28
327928,327928,IM0031467,28.01.2014 09:42,Quality Indicator Fixed,TEAM0039,28.01.2014 09:52,2014-01-28
328062,328062,IM0031485,27.01.2014 14:03,Open,TEAM0008,28.01.2014 10:00,2014-01-27
328063,328063,IM0031485,28.01.2014 10:00,Closed,TEAM0007,28.01.2014 10:00,2014-01-28
328064,328064,IM0031485,28.01.2014 10:00,Quality Indicator Fixed,TEAM0007,28.01.2014 10:00,2014-01-28
328065,328065,IM0031485,28.01.2014 10:00,Caused By CI,TEAM0007,28.01.2014 10:10,2014-01-28
328074,328074,IM0031488,27.01.2014 14:12,Open,TEAM0008,27.01.2014 16:47,2014-01-27
328075,328075,IM0031488,27.01.2014 16:47,Assignment,TEAM0007,28.01.2014 09:32,2014-01-27
328076,328076,IM0031488,28.01.2014 09:32,Status Change,TEAM0007,30.01.2014 11:18,2014-01-28
328077,328077,IM0031488,30.01.2014 11:18,Closed,TEAM0007,30.01.2014 11:18,2014-01-30
328078,328078,IM0031488,30.01.2014 11:18,Caused By CI,TEAM0007,30.01.2014 11:18,2014-01-30
328079,328079,IM0031488,30.01.2014 11:18,Quality Indicator Fixed,TEAM0007,30.01.2014 11:28,2014-01-30
328172,328172,IM0031496,27.01.2014 14:30,Open,TEAM0008,27.01.2014 15:10,2014-01-27
328173,328173,IM0031496,27.01.2014 15:10,Caused By CI,TEAM0039,27.01.2014 15:10,2014-01-27
328174,328174,IM0031496,27.01.2014 15:10,Closed,TEAM0039,27.01.2014 15:20,2014-01-27
328175,328175,IM0031497,27.01.2014 14:32,Open,TEAM0008,27.01.2014 14:33,2014-01-27
328176,328176,IM0031497,27.01.2014 14:33,Status Change,TEAM0008,27.01.2014 14:33,2014-01-27
328177,328177,IM0031497,27.01.2014 14:33,Pending vendor,TEAM0008,27.01.2014 14:33,2014-01-27
328178,328178,IM0031497,27.01.2014 14:33,External Vendor Assignment,TEAM0008,28.01.2014 08:49,2014-01-27
328179,328179,IM0031497,28.01.2014 08:49,Assignment,TEAM0008,28.01.2014 08:49,2014-01-28
328180,328180,IM0031497,28.01.2014 08:49,Description Update,TEAM0008,28.01.2014 08:49,2014-01-28
328181,328181,IM0031497,28.01.2014 08:49,Vendor Reference,TEAM0008,28.01.2014 15:19,2014-01-28
328182,328182,IM0031497,28.01.2014 15:19,Vendor Reference Change,TEAM0008,28.01.2014 15:24,2014-01-28
328183,328183,IM0031497,28.01.2014 15:24,Caused By CI,TEAM0008,28.01.2014 15:24,2014-01-28
328184,328184,IM0031497,28.01.2014 15:24,Closed,TEAM0008,28.01.2014 15:26,2014-01-28
328185,328185,IM0031497,28.01.2014 15:26,Closed,TEAM9999,28.01.2014 15:36,2014-01-28
328195,328195,IM0031501,27.01.2014 14:37,Open,TEAM0008,27.01.2014 14:56,2014-01-27
328196,328196,IM0031501,27.01.2014 14:56,Closed,TEAM0039,27.01.2014 14:56,2014-01-27
328197,328197,IM0031501,27.01.2014 14:56,Caused By CI,TEAM0039,27.01.2014 15:06,2014-01-27
328218,328218,IM0031508,27.01.2014 14:47,Open,TEAM0008,27.01.2014 15:12,2014-01-27
328219,328219,IM0031508,27.01.2014 15:12,Caused By CI,TEAM0176,27.01.2014 15:12,2014-01-27
328220,328220,IM0031508,27.01.2014 15:12,Closed,TEAM0176,27.01.2014 15:22,2014-01-27
328520,328520,IM0031548,27.01.2014 17:25,Open,TEAM0008,27.01.2014 17:39,2014-01-27
328521,328521,IM0031548,27.01.2014 17:39,Description Update,TEAM0008,28.01.2014 09:33,2014-01-27
328522,328522,IM0031548,28.01.2014 09:33,Assignment,TEAM0007,28.01.2014 10:24,2014-01-28
328523,328523,IM0031548,28.01.2014 10:24,Assignment,TEAM0007,28.01.2014 14:41,2014-01-28
328524,328524,IM0031548,28.01.2014 14:41,Closed,TEAM0007,28.01.2014 14:41,2014-01-28
328525,328525,IM0031548,28.01.2014 14:41,Caused By CI,TEAM0007,28.01.2014 14:41,2014-01-28
328526,328526,IM0031548,28.01.2014 14:41,Quality Indicator Fixed,TEAM0007,28.01.2014 14:51,2014-01-28
328527,328527,IM0031549,27.01.2014 17:31,Open,TEAM0008,27.01.2014 17:40,2014-01-27
328528,328528,IM0031549,27.01.2014 17:40,Description Update,TEAM0008,28.01.2014 09:34,2014-01-27
328529,328529,IM0031549,28.01.2014 09:34,Assignment,TEAM0007,28.01.2014 09:34,2014-01-28
328530,328530,IM0031549,28.01.2014 09:34,Operator Update,TEAM0007,28.01.2014 10:24,2014-01-28
328531,328531,IM0031549,28.01.2014 10:24,Assignment,TEAM0007,28.01.2014 14:43,2014-01-28
328532,328532,IM0031549,28.01.2014 14:43,Quality Indicator Fixed,TEAM0007,28.01.2014 14:43,2014-01-28
328533,328533,IM0031549,28.01.2014 14:43,Closed,TEAM0007,28.01.2014 14:43,2014-01-28
328534,328534,IM0031549,28.01.2014 14:43,Caused By CI,TEAM0007,28.01.2014 14:53,2014-01-28
328581,328581,IM0031555,27.01.2014 15:36,Open,TEAM0008,28.01.2014 07:53,2014-01-27
328582,328582,IM0031555,28.01.2014 07:53,Status Change,TEAM0039,28.01.2014 07:53,2014-01-28
328583,328583,IM0031555,28.01.2014 07:53,Assignment,TEAM0039,28.01.2014 07:59,2014-01-28
328584,328584,IM0031555,28.01.2014 07:59,Mail to Customer,TEAM0039,28.01.2014 07:59,2014-01-28
328585,328585,IM0031555,28.01.2014 07:59,Closed,TEAM0039,28.01.2014 08:09,2014-01-28
328697,328697,IM0031564,27.01.2014 15:57,Open,TEAM0016,28.01.2014 10:42,2014-01-27
328698,328698,IM0031564,28.01.2014 10:42,Status Change,TEAM0102,28.01.2014 10:42,2014-01-28
328699,328699,IM0031564,28.01.2014 10:42,Update,TEAM0102,28.01.2014 10:42,2014-01-28
328700,328700,IM0031564,28.01.2014 10:42,Assignment,TEAM0102,30.01.2014 07:34,2014-01-28
328701,328701,IM0031564,30.01.2014 07:34,Closed,TEAM0102,30.01.2014 07:44,2014-01-30
328780,328780,IM0031575,27.01.2014 17:01,Open,TEAM0008,28.01.2014 11:46,2014-01-27
328781,328781,IM0031575,28.01.2014 11:46,Assignment,TEAM0039,28.01.2014 11:46,2014-01-28
328782,328782,IM0031575,28.01.2014 11:46,Status Change,TEAM0039,28.01.2014 11:54,2014-01-28
328783,328783,IM0031575,28.01.2014 11:54,Reassignment,TEAM0039,28.01.2014 11:54,2014-01-28
328784,328784,IM0031575,28.01.2014 11:54,Assignment,TEAM0039,28.01.2014 11:54,2014-01-28
328785,328785,IM0031575,28.01.2014 11:54,Status Change,TEAM0039,28.01.2014 11:54,2014-01-28
328786,328786,IM0031575,28.01.2014 11:54,Update,TEAM0039,28.01.2014 13:21,2014-01-28
328787,328787,IM0031575,28.01.2014 13:21,Reassignment,TEAM0007,28.01.2014 13:21,2014-01-28
328788,328788,IM0031575,28.01.2014 13:21,Operator Update,TEAM0007,29.01.2014 13:48,2014-01-28
328789,328789,IM0031575,29.01.2014 13:48,Assignment,TEAM0008,29.01.2014 14:04,2014-01-29
328790,328790,IM0031575,29.01.2014 14:04,Operator Update,TEAM0008,29.01.2014 14:04,2014-01-29
328791,328791,IM0031575,29.01.2014 14:04,Status Change,TEAM0008,29.01.2014 14:05,2014-01-29
328792,328792,IM0031575,29.01.2014 14:05,Reassignment,TEAM0008,29.01.2014 16:52,2014-01-29
328793,328793,IM0031575,29.01.2014 16:52,Status Change,TEAM0008,29.01.2014 16:52,2014-01-29
328794,328794,IM0031575,29.01.2014 16:52,Reassignment,TEAM0008,29.01.2014 16:52,2014-01-29
328795,328795,IM0031575,29.01.2014 16:52,Assignment,TEAM0008,29.01.2014 16:52,2014-01-29
328796,328796,IM0031575,29.01.2014 16:52,Operator Update,TEAM0008,29.01.2014 16:54,2014-01-29
328797,328797,IM0031575,29.01.2014 16:54,Closed,TEAM9999,30.01.2014 09:34,2014-01-29
328798,328798,IM0031575,30.01.2014 09:34,Assignment,TEAM0007,30.01.2014 09:34,2014-01-30
328799,328799,IM0031575,30.01.2014 09:34,Operator Update,TEAM0007,04.02.2014 10:31,2014-01-30
328800,328800,IM0031575,04.02.2014 10:31,Caused By CI,TEAM0007,04.02.2014 10:31,2014-04-02
328801,328801,IM0031575,04.02.2014 10:31,Closed,TEAM0007,04.02.2014 10:41,2014-04-02
328955,328955,IM0031591,27.01.2014 16:10,Open,TEAM0008,27.01.2014 16:23,2014-01-27
328956,328956,IM0031591,27.01.2014 16:23,Assignment,TEAM0181,27.01.2014 16:23,2014-01-27
328957,328957,IM0031591,27.01.2014 16:23,Update,TEAM0181,27.01.2014 16:33,2014-01-27
328958,328958,IM0031591,27.01.2014 16:33,Status Change,TEAM0181,29.01.2014 08:02,2014-01-27
328959,328959,IM0031591,29.01.2014 08:02,Update,TEAM0181,29.01.2014 16:50,2014-01-29
328960,328960,IM0031591,29.01.2014 16:50,Caused By CI,TEAM0181,29.01.2014 16:50,2014-01-29
328961,328961,IM0031591,29.01.2014 16:50,Closed,TEAM0181,29.01.2014 17:00,2014-01-29
328975,328975,IM0031594,27.01.2014 16:31,Open,TEAM0008,27.01.2014 17:39,2014-01-27
328976,328976,IM0031594,27.01.2014 17:39,Caused By CI,TEAM0191,27.01.2014 17:39,2014-01-27
328977,328977,IM0031594,27.01.2014 17:39,Closed,TEAM0191,27.01.2014 17:49,2014-01-27
328991,328991,IM0031597,27.01.2014 16:41,Open,TEAM0016,28.01.2014 21:41,2014-01-27
328992,328992,IM0031597,28.01.2014 21:41,Reassignment,TEAM0017,28.01.2014 21:41,2014-01-28
328993,328993,IM0031597,28.01.2014 21:41,Update,TEAM0017,29.01.2014 05:37,2014-01-28
328994,328994,IM0031597,29.01.2014 05:37,Assignment,TEAM0015,29.01.2014 10:46,2014-01-29
328995,328995,IM0031597,29.01.2014 10:46,Operator Update,TEAM0015,29.01.2014 10:46,2014-01-29
328996,328996,IM0031597,29.01.2014 10:46,Status Change,TEAM0015,29.01.2014 10:46,2014-01-29
328997,328997,IM0031597,29.01.2014 10:46,Reassignment,TEAM0015,29.01.2014 10:46,2014-01-29
328998,328998,IM0031597,29.01.2014 10:46,Assignment,TEAM0015,29.01.2014 14:32,2014-01-29
328999,328999,IM0031597,29.01.2014 14:32,Reassignment,TEAM0014,29.01.2014 14:32,2014-01-29
329000,329000,IM0031597,29.01.2014 14:32,Update,TEAM0014,29.01.2014 15:49,2014-01-29
329001,329001,IM0031597,29.01.2014 15:49,Assignment,TEAM0016,29.01.2014 20:27,2014-01-29
329002,329002,IM0031597,29.01.2014 20:27,Reassignment,TEAM0016,29.01.2014 20:27,2014-01-29
329003,329003,IM0031597,29.01.2014 20:27,Operator Update,TEAM0016,29.01.2014 20:27,2014-01-29
329004,329004,IM0031597,29.01.2014 20:27,Assignment,TEAM0016,30.01.2014 08:22,2014-01-29
329005,329005,IM0031597,30.01.2014 08:22,Update,TEAM0102,30.01.2014 08:24,2014-01-30
329006,329006,IM0031597,30.01.2014 08:24,Update,TEAM0102,30.01.2014 08:28,2014-01-30
329007,329007,IM0031597,30.01.2014 08:28,Closed,TEAM0102,30.01.2014 08:28,2014-01-30
329008,329008,IM0031597,30.01.2014 08:28,Caused By CI,TEAM0102,30.01.2014 08:38,2014-01-30
329077,329077,IM0031602,27.01.2014 16:58,Open,TEAM0008,27.01.2014 17:41,2014-01-27
329078,329078,IM0031602,27.01.2014 17:41,Closed,TEAM0191,27.01.2014 17:41,2014-01-27
329079,329079,IM0031602,27.01.2014 17:41,Caused By CI,TEAM0191,27.01.2014 17:51,2014-01-27
329088,329088,IM0031604,27.01.2014 17:33,Open,TEAM0008,27.01.2014 17:44,2014-01-27
329089,329089,IM0031604,27.01.2014 17:44,Quality Indicator Fixed,TEAM0181,27.01.2014 17:44,2014-01-27
329090,329090,IM0031604,27.01.2014 17:44,Caused By CI,TEAM0181,27.01.2014 17:44,2014-01-27
329091,329091,IM0031604,27.01.2014 17:44,Closed,TEAM0181,27.01.2014 17:54,2014-01-27
